clip,flag_no,frame,report_frame,timestamp_s,severity,run_len_s,side,verdict,category,notes,min_foot_visibility,detected_frac_window,contact_sheet
20260915_route1_attempt1_fall,1,38,38,1.27,0.238,0.13,right_of_base,false_positive,no_climber_phantom_pose,No one in frame; skeleton hallucinated on green/white holds.,0.07,0.76,outputs/20260915_route1_attempt1_fall/flag_review/flag01_frame0038.jpg
20260915_route1_attempt1_fall,2,75,75,2.5,0.926,0.17,right_of_base,false_positive,partial_body_frame_edge,Climber's shoulder just entering at right edge; skeleton is garbage drawn over the wall.,0.15,0.41,outputs/20260915_route1_attempt1_fall/flag_review/flag02_frame0075.jpg
20260915_route1_attempt1_fall,3,83,83,2.77,0.661,0.1,right_of_base,false_positive,partial_body_frame_edge,"Same entry as flag 2; skeleton still on the wall, not the person.",0.31,0.53,outputs/20260915_route1_attempt1_fall/flag_review/flag03_frame0083.jpg
20260915_route1_attempt1_fall,4,105,105,3.5,0.348,0.8,left_of_base,false_positive,not_climbing,"Walking in from the right edge, half out of frame, feet on the mat.",0.24,1.0,outputs/20260915_route1_attempt1_fall/flag_review/flag04_frame0105.jpg
20260915_route1_attempt1_fall,5,274,258,9.14,1.0,2.27,left_of_base,true_but_not_a_fault,start_position,"Sit start on the volume: hips hang left of the feet with both hands on the start hold. Geometry is real, but it is the required start position. report.json lists this flag at frame 258 (severity capped at 1.0, so it picked the first capped frame).",0.57,1.0,outputs/20260915_route1_attempt1_fall/flag_review/flag05_frame0274.jpg
20260915_route1_attempt1_fall,6,333,333,11.11,0.279,0.6,left_of_base,true_but_not_a_fault,feet_together_hand_supported,"Standing on grey volume, feet together, torso just left of feet while right hand is on a hold. Marginal overshoot, 0.6s.",0.76,1.0,outputs/20260915_route1_attempt1_fall/flag_review/flag06_frame0333.jpg
20260915_route1_attempt1_fall,7,385,385,12.85,0.43,4.1,left_of_base,plausibly_correct,sustained_lateral_lean,"4.1s standing on the volume with hips left of both feet, hanging off left side-pull while reaching right, before stepping up. Real and sustained; worth a look.",0.77,1.0,outputs/20260915_route1_attempt1_fall/flag_review/flag07_frame0385.jpg
20260915_route1_attempt1_fall,8,777,777,25.93,0.314,0.4,right_of_base,fall,fall_or_dismount,"Climber has come off and is dropping/landing (COM falling 2.5 body-lengths/s). Real event, but it is the fall itself, not a lean.",0.91,1.0,outputs/20260915_route1_attempt1_fall/flag_review/flag08_frame0777.jpg
20260915_route1_attempt1_fall,9,868,868,28.96,0.105,0.1,left_of_base,false_positive,not_climbing,Walking toward the camera after the fall.,0.71,1.0,outputs/20260915_route1_attempt1_fall/flag_review/flag09_frame0868.jpg
20260915_route1_attempt1_fall,10,877,877,29.26,0.031,0.1,left_of_base,false_positive,not_climbing,"Walking toward the camera, mostly out of frame.",0.36,0.59,outputs/20260915_route1_attempt1_fall/flag_review/flag10_frame0877.jpg
20260915_route1_attempt1_fall,11,937,937,31.26,0.62,0.33,left_of_base,false_positive,camera_handling,Lens covered while stopping the recording; skeleton hallucinated on holds.,0.33,1.0,outputs/20260915_route1_attempt1_fall/flag_review/flag11_frame0937.jpg
20260915_route2_attempt1_send,1,27,27,0.9,0.254,0.17,left_of_base,false_positive,camera_handling,Blurry frames while the phone is being set down; phantom skeleton on holds.,0.4,0.47,outputs/20260915_route2_attempt1_send/flag_review/flag01_frame0027.jpg
20260915_route2_attempt1_send,2,59,59,1.97,0.092,0.23,left_of_base,false_positive,partial_body_frame_edge,"Walking past the camera, only the left half of the body in frame.",0.3,0.76,outputs/20260915_route2_attempt1_send/flag_review/flag02_frame0059.jpg
20260915_route2_attempt1_send,3,67,67,2.24,0.309,0.57,right_of_base,false_positive,partial_body_frame_edge,Same walk-in; no feet visible.,0.18,1.0,outputs/20260915_route2_attempt1_send/flag_review/flag03_frame0067.jpg
20260915_route2_attempt1_send,4,234,234,7.81,0.081,0.33,right_of_base,false_positive,not_climbing,Stepping from the mat onto the first hold; feet still on the ground.,0.65,1.0,outputs/20260915_route2_attempt1_send/flag_review/flag04_frame0234.jpg
20260915_route2_attempt1_send,5,283,283,9.44,0.362,1.97,right_of_base,plausibly_correct,sustained_lateral_lean,2s with feet together on the big pink volume and torso leaning right onto both hands on the pink side-pull. Real lean; could be an intentional layback.,0.88,1.0,outputs/20260915_route2_attempt1_send/flag_review/flag05_frame0283.jpg
20260915_route2_attempt1_send,6,413,413,13.78,0.831,0.3,left_of_base,false_positive,partial_body_frame_edge,Climber is leaving the left edge of the frame; only one leg visible.,0.56,0.82,outputs/20260915_route2_attempt1_send/flag_review/flag06_frame0413.jpg
20260915_route2_attempt1_send,7,463,463,15.45,0.379,0.13,left_of_base,false_positive,no_climber_phantom_pose,Climber is out of frame; skeleton hallucinated on pink hold / purple volume.,0.53,0.53,outputs/20260915_route2_attempt1_send/flag_review/flag07_frame0463.jpg
20260915_route2_attempt1_send,8,498,498,16.62,0.484,0.13,left_of_base,false_positive,no_climber_phantom_pose,Same phantom on the pink hold.,0.39,0.59,outputs/20260915_route2_attempt1_send/flag_review/flag08_frame0498.jpg
20260915_route2_attempt1_send,9,540,540,18.02,0.352,0.2,left_of_base,false_positive,no_climber_phantom_pose,Same phantom on the pink hold.,0.44,0.76,outputs/20260915_route2_attempt1_send/flag_review/flag09_frame0540.jpg
20260915_route2_attempt1_send,10,542,542,18.08,0.356,0.27,left_of_base,false_positive,no_climber_phantom_pose,Same phantom on the pink hold.,0.44,0.82,outputs/20260915_route2_attempt1_send/flag_review/flag10_frame0542.jpg
20260915_route2_attempt1_send,11,576,576,19.22,0.52,0.1,left_of_base,false_positive,no_climber_phantom_pose,Same phantom on the pink hold.,0.39,0.24,outputs/20260915_route2_attempt1_send/flag_review/flag11_frame0576.jpg
20260915_route2_attempt1_send,12,598,598,19.95,0.509,0.13,left_of_base,false_positive,no_climber_phantom_pose,Same phantom on the pink hold.,0.39,0.53,outputs/20260915_route2_attempt1_send/flag_review/flag12_frame0598.jpg
20260915_route2_attempt1_send,13,627,627,20.92,0.064,0.1,left_of_base,false_positive,no_climber_phantom_pose,Same phantom on the pink hold.,0.35,0.47,outputs/20260915_route2_attempt1_send/flag_review/flag13_frame0627.jpg
20260915_route2_attempt1_send,14,672,672,22.42,0.705,0.13,left_of_base,false_positive,no_climber_phantom_pose,Same phantom on the pink hold.,0.4,0.53,outputs/20260915_route2_attempt1_send/flag_review/flag14_frame0672.jpg
20260915_route2_attempt1_send,15,688,688,22.96,0.387,0.13,left_of_base,false_positive,no_climber_phantom_pose,Same phantom on the pink hold.,0.35,0.59,outputs/20260915_route2_attempt1_send/flag_review/flag15_frame0688.jpg
20260915_route2_attempt1_send,16,962,962,32.1,0.377,0.27,left_of_base,false_positive,camera_handling,Arm right in front of the lens reaching for the phone.,0.44,0.47,outputs/20260915_route2_attempt1_send/flag_review/flag16_frame0962.jpg
20260915_route2_attempt1_send,17,989,989,33.0,0.038,0.13,left_of_base,false_positive,camera_handling,Hand covering the lens.,0.4,0.76,outputs/20260915_route2_attempt1_send/flag_review/flag17_frame0989.jpg
20260915_route2_attempt1_send,18,1005,1005,33.53,0.418,0.13,right_of_base,false_positive,camera_handling,Hand covering the lens; landmarks are off-screen.,0.11,0.65,outputs/20260915_route2_attempt1_send/flag_review/flag18_frame1005.jpg
20260915_route3_attempt1_fall,1,108,108,3.6,0.32,0.13,right_of_base,false_positive,not_climbing,"Walking in from the right edge, feet on the mat.",0.27,0.53,outputs/20260915_route3_attempt1_fall/flag_review/flag01_frame0108.jpg
20260915_route3_attempt1_fall,2,120,120,4.0,0.055,0.1,left_of_base,false_positive,not_climbing,"Still walking in, half out of frame.",0.3,1.0,outputs/20260915_route3_attempt1_fall/flag_review/flag02_frame0120.jpg
20260915_route3_attempt1_fall,3,217,217,7.24,0.386,0.53,right_of_base,false_positive,partial_body_frame_edge,At the start holds but cut off by the right edge of the frame.,0.54,1.0,outputs/20260915_route3_attempt1_fall/flag_review/flag03_frame0217.jpg
20260915_route3_attempt1_fall,4,304,304,10.14,0.218,0.2,right_of_base,false_positive,partial_body_frame_edge,Torso out of frame; skeleton collapsed onto the legs only.,0.32,0.82,outputs/20260915_route3_attempt1_fall/flag_review/flag04_frame0304.jpg
20260915_route3_attempt1_fall,5,308,308,10.28,0.14,0.13,left_of_base,false_positive,partial_body_frame_edge,Same as flag 4.,0.32,0.82,outputs/20260915_route3_attempt1_fall/flag_review/flag05_frame0308.jpg
20260915_route3_attempt1_fall,6,314,314,10.48,0.671,0.1,right_of_base,false_positive,partial_body_frame_edge,Same as flag 4; skeleton jumps around between frames.,0.28,0.47,outputs/20260915_route3_attempt1_fall/flag_review/flag06_frame0314.jpg
20260915_route3_attempt1_fall,7,407,407,13.58,0.901,0.67,right_of_base,false_positive,partial_body_frame_edge,"Hips/right side cut off by the frame edge, so the COM is pinned to the edge.",0.38,0.65,outputs/20260915_route3_attempt1_fall/flag_review/flag07_frame0407.jpg
20260915_route3_attempt1_fall,8,457,457,15.25,0.31,0.33,left_of_base,true_but_not_a_fault,mid_move_transient,Fully visible. Brief (0.33s) while a foot is being moved; hips slightly left of the feet.,0.74,1.0,outputs/20260915_route3_attempt1_fall/flag_review/flag08_frame0457.jpg
20260915_route3_attempt1_fall,9,505,505,16.85,0.865,1.07,left_of_base,plausibly_correct,sustained_lateral_lean,"1.1s with both feet out right on the green volume and hips well left of them, hanging off the hands.",0.61,1.0,outputs/20260915_route3_attempt1_fall/flag_review/flag09_frame0505.jpg
20260915_route3_attempt1_fall,10,595,538,19.85,1.0,4.6,left_of_base,plausibly_correct,sustained_lateral_lean,4.6s on the steep section with both feet high and right and hips far left of them. Real and large; may simply be what the moves demand.,0.92,1.0,outputs/20260915_route3_attempt1_fall/flag_review/flag10_frame0595.jpg
20260915_route3_attempt1_fall,11,707,707,23.59,0.483,1.33,right_of_base,uncertain,leg_tracking_unreliable,"Deep tucked position; legs are hidden behind the torso and the foot landmarks look unreliable, so the base may be wrong.",0.52,1.0,outputs/20260915_route3_attempt1_fall/flag_review/flag11_frame0707.jpg
20260915_route3_attempt1_fall,12,748,748,24.96,0.596,0.53,left_of_base,plausibly_correct,feet_cut_loose,Feet come off and the legs swing right of the body while hanging from the hands.,0.66,1.0,outputs/20260915_route3_attempt1_fall/flag_review/flag12_frame0748.jpg
20260915_route3_attempt1_fall,13,1028,832,34.3,1.0,12.25,right_of_base,plausibly_correct,horizontal_body_pre_fall,"12.3s run: feet hooked far left on the blue volume, body near horizontal, barely moving; run ends as the legs drop into the fall. Real stall before the fall, though feet-as-base does not really apply to this position.",0.7,1.0,outputs/20260915_route3_attempt1_fall/flag_review/flag13_frame1028.jpg
20260915_route4_attempt1_send,1,3,1,0.1,1.0,0.3,right_of_base,false_positive,camera_handling,Hand covering the lens at the start of the recording.,0.02,0.75,outputs/20260915_route4_attempt1_send/flag_review/flag01_frame0003.jpg
20260915_route4_attempt1_send,2,97,97,3.24,0.761,0.33,left_of_base,false_positive,partial_body_frame_edge,Walking in at the left edge; skeleton drawn on one arm.,0.16,0.65,outputs/20260915_route4_attempt1_send/flag_review/flag02_frame0097.jpg
20260915_route4_attempt1_send,3,137,137,4.57,0.116,0.27,right_of_base,false_positive,not_climbing,Standing on the ground at the start holds; feet are below the bottom of the frame.,0.35,1.0,outputs/20260915_route4_attempt1_send/flag_review/flag03_frame0137.jpg
20260915_route4_attempt1_send,4,216,216,7.21,0.177,0.33,left_of_base,false_positive,leg_tracking_unreliable,Crouched sit start; knee/foot landmarks are low confidence and jump around. Marginal overshoot.,0.32,1.0,outputs/20260915_route4_attempt1_send/flag_review/flag04_frame0216.jpg
20260915_route4_attempt1_send,5,269,269,8.98,0.112,0.47,left_of_base,true_but_not_a_fault,high_step_marginal,"Right foot high-stepped, left foot low; torso only just left of the left foot (severity 0.11).",0.84,1.0,outputs/20260915_route4_attempt1_send/flag_review/flag05_frame0269.jpg
20260915_route4_attempt1_send,6,355,355,11.85,0.139,0.37,left_of_base,true_but_not_a_fault,high_step_marginal,Same high-step position against the arete; marginal (0.14).,0.86,1.0,outputs/20260915_route4_attempt1_send/flag_review/flag06_frame0355.jpg
20260915_route4_attempt1_send,7,364,364,12.15,0.027,0.17,left_of_base,true_but_not_a_fault,high_step_marginal,Continuation of flag 6; barely over threshold (0.03).,0.85,1.0,outputs/20260915_route4_attempt1_send/flag_review/flag07_frame0364.jpg
20260915_route4_attempt1_send,8,649,649,21.65,0.102,0.17,right_of_base,false_positive,not_climbing,Walking toward the camera after the send.,0.38,1.0,outputs/20260915_route4_attempt1_send/flag_review/flag08_frame0649.jpg
